nuevo,original,md5,bytes
R001.jpg,001.jpg,d54fab5be6de09a280100628d176158f,85804
R002.jpg,002.jpg,8d6765c0d15e5c8fc76a6cb40f7e4e93,124971
R003.jpg,003.jpg,eee0266499b29fef0968cb79a4678b09,93563
R004.jpg,004.jpg,a713e943ff90c27dafa48f4eda9a7930,102835
R005.jpg,005.jpg,05e7bc3bf094fc087bf7ac64d6e481d1,111000
R006.jpg,006.jpg,afee92e3c324e75f345f3cbe2904c498,208615
R007.jpg,007.jpg,22c68753e5f9f02dd05a24f4438a8129,127699
R008.jpg,008.jpg,b6a8f2cd8fefbd19c46fee2c84264341,243639
R009.jpg,009.jpg,9ee8c667a574e14d77c2d1670a500f1e,345189
R010.jpg,010.jpg,507351828adc770660b76179c8a3a73b,683767
R011.jpg,011.jpg,77c670d87079e5cdb184f7aa9b13301d,801795
R012.jpg,012.jpg,1451e92bed604b555f6f0c230b1b90b6,488454
R013.jpg,013.jpg,833db387b2db15d20eb74384a4268b03,560882
R014.jpg,014.jpg,01e6e4c38cbe5cb3266f02cd142a3cca,771695
DUP,015.jpg,1451e92bed604b555f6f0c230b1b90b6,-
R015.jpg,017.jpg,8bd4276b080779f8f5e015b075817437,911393
R016.jpg,018.jpg,68ef6db57475b3a91dfe9aa2e434922e,725096
R017.jpg,019.jpg,6395e42b0aa09dc05e437d7658aa2252,59235
R018.jpg,020.jpg,0a3b299962b33cbe9ce6dca0b4a007c4,122032
R019.jpg,021.jpg,5dbcf1e28cc935d0ea669f2226cb87f4,511575
R020.jpg,022.jpg,7fcf17a416a2df08d3ae9ebbe178f44d,553086
R021.jpg,023.jpg,3174f9cf03295063a5e0c609bea0b7b4,568761
R022.jpg,024.jpg,fd6f7f42f043ea415ea6ba4ffed06e0d,615358
R023.jpg,025.jpg,2d44dea94d50e0e90f8eefccfa221dc4,630859
R024.jpg,026.jpg,1f6c06538d6a2a85026193d7f66aff39,490548
R025.jpg,027.jpg,7800ce20cd23aded7f58f28cdca70adc,1926766
R026.jpg,028.jpg,1ac339cd543855e0661ffe3c19a167f6,536846
R027.jpg,029.jpg,6049f46edd0704f30e0104a8c48fe2bd,224451
R028.jpg,R001.jpeg,70c93825dcdbf584bcdcf5403f7e8074,98128
R029.jpg,WhatsApp Image 2026-08-22 at 21.08.43 (1).jpeg,25c0909135b1cdf9d808b3ffc61b2773,104416
R030.jpg,WhatsApp Image 2026-08-22 at 21.08.43 (2).jpeg,5dc11144651199b86a803da4e706e9e0,89050
DUP,WhatsApp Image 2026-08-22 at 21.08.43.jpeg,70c93825dcdbf584bcdcf5403f7e8074,-
R031.jpg,WhatsApp Image 2026-08-22 at 21.08.44.jpeg,516c383912e7fcbcbf9ba0d25bdb1d61,106761
